{"cameraMode":{"drawMode":0,"name":"Shaded","section":"Shading Mode"},"sceneLighting":false,"audioPlay":false,"sceneViewState":{"showFog":true,"showMaterialUpdate":false,"showSkybox":true,"showFlares":true,"showImageEffects":true,"showParticleSystems":true},"in2DMode":false,"pivot":{"x":1604.640625,"y":637.8659057617188,"z":-620.525390625},"rotation":{"x":0.08532451093196869,"y":-0.094012051820755,"z":0.00808774959295988,"w":0.9918749928474426},"size":3.0274674892425539,"orthographic":false}