{"cameraMode":{"drawMode":0,"name":"Shaded","section":"Shading Mode"},"sceneLighting":true,"audioPlay":false,"sceneViewState":{"showFog":true,"showMaterialUpdate":false,"showSkybox":true,"showFlares":true,"showImageEffects":true,"showParticleSystems":true},"in2DMode":false,"pivot":{"x":257.70941162109377,"y":36.56039810180664,"z":192.67601013183595},"rotation":{"x":-0.017253341153264047,"y":0.9780132174491882,"z":-0.09004653990268707,"w":-0.18744274973869325},"size":7.200689792633057,"orthographic":false}