{"cameraMode":{"drawMode":0,"name":"Shaded","section":"Shading Mode"},"sceneLighting":false,"audioPlay":false,"sceneViewState":{"showFog":true,"showMaterialUpdate":false,"showSkybox":true,"showFlares":true,"showImageEffects":true,"showParticleSystems":true},"in2DMode":false,"pivot":{"x":2277.922607421875,"y":679.8860473632813,"z":-1467.3092041015625},"rotation":{"x":0.08815397322177887,"y":-0.7439090013504028,"z":0.10014687478542328,"w":0.6548274159431458},"size":2.0342836380004885,"orthographic":false}