{"cameraMode":{"drawMode":0,"name":"Shaded","section":"Shading Mode"},"sceneLighting":false,"audioPlay":false,"sceneViewState":{"showFog":true,"showMaterialUpdate":false,"showSkybox":true,"showFlares":true,"showImageEffects":true,"showParticleSystems":true},"in2DMode":false,"pivot":{"x":2272.1865234375,"y":677.5669555664063,"z":-1475.133544921875},"rotation":{"x":-0.14873389899730683,"y":0.6605338454246521,"z":-0.1358334869146347,"w":-0.7232722043991089},"size":10.239093780517579,"orthographic":false}