{"cameraMode":{"drawMode":0,"name":"Shaded","section":"Shading Mode"},"sceneLighting":false,"audioPlay":false,"sceneViewState":{"showFog":true,"showMaterialUpdate":false,"showSkybox":true,"showFlares":true,"showImageEffects":true,"showParticleSystems":true},"in2DMode":false,"pivot":{"x":-309.1192626953125,"y":43.26032257080078,"z":-383.3531188964844},"rotation":{"x":0.16256007552146913,"y":-0.21653148531913758,"z":0.03659195080399513,"w":0.9619508385658264},"size":3.060307502746582,"orthographic":false}