{"cameraMode":{"drawMode":0,"name":"Shaded","section":"Shading Mode"},"sceneLighting":false,"audioPlay":false,"sceneViewState":{"showFog":true,"showMaterialUpdate":false,"showSkybox":true,"showFlares":true,"showImageEffects":true,"showParticleSystems":true},"in2DMode":false,"pivot":{"x":34.886802673339847,"y":29.252063751220704,"z":50.3175163269043},"rotation":{"x":0.15130724012851716,"y":0.8329585194587708,"z":0.2774963974952698,"w":-0.454182893037796},"size":16.273151397705079,"orthographic":false}