{"cameraMode":{"drawMode":0,"name":"Shaded","section":"Shading Mode"},"sceneLighting":false,"audioPlay":false,"sceneViewState":{"showFog":true,"showMaterialUpdate":false,"showSkybox":true,"showFlares":true,"showImageEffects":true,"showParticleSystems":true},"in2DMode":false,"pivot":{"x":-447.45733642578127,"y":40.508243560791019,"z":-331.9737548828125},"rotation":{"x":-0.1118464469909668,"y":-0.6524747014045715,"z":0.09821493178606034,"w":-0.7430484294891357},"size":10.898720741271973,"orthographic":false}