{"cameraMode":{"drawMode":0,"name":"Shaded","section":"Shading Mode"},"sceneLighting":true,"audioPlay":false,"sceneViewState":{"showFog":true,"showMaterialUpdate":false,"showSkybox":true,"showFlares":true,"showImageEffects":true,"showParticleSystems":true},"in2DMode":false,"pivot":{"x":52.09029769897461,"y":31.63730239868164,"z":52.195106506347659},"rotation":{"x":-0.2981325685977936,"y":-0.3347168564796448,"z":0.11252668499946594,"w":-0.8868029117584229},"size":10.202644348144532,"orthographic":false}