{"cameraMode":{"drawMode":0,"name":"Shaded","section":"Shading Mode"},"sceneLighting":false,"audioPlay":false,"sceneViewState":{"showFog":true,"showMaterialUpdate":false,"showSkybox":true,"showFlares":true,"showImageEffects":true,"showParticleSystems":true},"in2DMode":false,"pivot":{"x":48.22999954223633,"y":30.17099952697754,"z":55.22999954223633},"rotation":{"x":-0.040647298097610477,"y":0.9591496586799622,"z":-0.2077638953924179,"w":-0.1876540631055832},"size":2.8578836917877199,"orthographic":false}