{"cameraMode":{"drawMode":0,"name":"Shaded","section":"Shading Mode"},"sceneLighting":false,"audioPlay":false,"sceneViewState":{"showFog":true,"showMaterialUpdate":false,"showSkybox":true,"showFlares":true,"showImageEffects":true,"showParticleSystems":true},"in2DMode":false,"pivot":{"x":2283.596435546875,"y":687.40234375,"z":-1466.123046875},"rotation":{"x":-0.1174292042851448,"y":-0.329403281211853,"z":0.04132809862494469,"w":-0.9359465837478638},"size":9.965713500976563,"orthographic":false}