{"cameraMode":{"drawMode":0,"name":"Shaded","section":"Shading Mode"},"sceneLighting":false,"audioPlay":false,"sceneViewState":{"showFog":true,"showMaterialUpdate":false,"showSkybox":true,"showFlares":true,"showImageEffects":true,"showParticleSystems":true},"in2DMode":false,"pivot":{"x":2281.52685546875,"y":680.6841430664063,"z":-1465.536865234375},"rotation":{"x":-0.21594780683517457,"y":-0.5220549702644348,"z":0.13859923183918,"w":-0.8133974671363831},"size":10.883956909179688,"orthographic":false}