{"cameraMode":{"drawMode":0,"name":"Shaded","section":"Shading Mode"},"sceneLighting":false,"audioPlay":false,"sceneViewState":{"showFog":true,"showMaterialUpdate":false,"showSkybox":true,"showFlares":true,"showImageEffects":true,"showParticleSystems":true},"in2DMode":false,"pivot":{"x":0.3926202058792114,"y":-5.890209674835205,"z":-5.207291603088379},"rotation":{"x":0.1463979333639145,"y":-0.2479078322649002,"z":0.03792832791805267,"w":0.9569069147109985},"size":2.320772171020508,"orthographic":false}