{"cameraMode":{"drawMode":0,"name":"Shaded","section":"Shading Mode"},"sceneLighting":false,"audioPlay":false,"sceneViewState":{"showFog":true,"showMaterialUpdate":false,"showSkybox":true,"showFlares":true,"showImageEffects":true,"showParticleSystems":true},"in2DMode":false,"pivot":{"x":133.7637481689453,"y":-105.87371063232422,"z":-26.508298873901368},"rotation":{"x":-0.21762624382972718,"y":-0.3676534593105316,"z":0.08892498910427094,"w":-0.8997567296028137},"size":3.7061917781829836,"orthographic":false}