{"cameraMode":{"drawMode":0,"name":"Shaded","section":"Shading Mode"},"sceneLighting":false,"audioPlay":false,"sceneViewState":{"showFog":true,"showMaterialUpdate":false,"showSkybox":true,"showFlares":true,"showImageEffects":true,"showParticleSystems":true},"in2DMode":false,"pivot":{"x":247.02096557617188,"y":32.426048278808597,"z":534.1375732421875},"rotation":{"x":-0.10655535757541657,"y":-0.7641355395317078,"z":0.13077636063098908,"w":-0.6226076483726502},"size":26.8454532623291,"orthographic":false}