{"cameraMode":{"drawMode":0,"name":"Shaded","section":"Shading Mode"},"sceneLighting":false,"audioPlay":false,"sceneViewState":{"showFog":true,"showMaterialUpdate":false,"showSkybox":true,"showFlares":true,"showImageEffects":true,"showParticleSystems":true},"in2DMode":false,"pivot":{"x":2278.0458984375,"y":679.7742309570313,"z":-1482.1541748046875},"rotation":{"x":-0.005176400300115347,"y":0.9934917092323303,"z":-0.10200725495815277,"w":-0.050418589264154437},"size":1.2405402660369874,"orthographic":false}