{"cameraMode":{"drawMode":0,"name":"Shaded","section":"Shading Mode"},"sceneLighting":false,"audioPlay":false,"sceneViewState":{"showFog":true,"showMaterialUpdate":false,"showSkybox":true,"showFlares":true,"showImageEffects":true,"showParticleSystems":true},"in2DMode":false,"pivot":{"x":2285.42529296875,"y":679.2894287109375,"z":-1470.6966552734375},"rotation":{"x":0.19900286197662354,"y":0.22268599271774293,"z":-0.04648928716778755,"w":0.953230082988739},"size":8.569886207580567,"orthographic":false}