{"cameraMode":{"drawMode":0,"name":"Shaded","section":"Shading Mode"},"sceneLighting":false,"audioPlay":false,"sceneViewState":{"showFog":true,"showMaterialUpdate":false,"showSkybox":true,"showFlares":true,"showImageEffects":true,"showParticleSystems":true},"in2DMode":false,"pivot":{"x":-107.42565155029297,"y":35.088321685791019,"z":-254.30563354492188},"rotation":{"x":-0.39085307717323305,"y":0.43192344903945925,"z":0.21539348363876344,"w":0.7837613224983215},"size":2.015580415725708,"orthographic":false}