{"cameraMode":{"drawMode":0,"name":"Shaded","section":"Shading Mode"},"sceneLighting":false,"audioPlay":false,"sceneViewState":{"showFog":true,"showMaterialUpdate":false,"showSkybox":true,"showFlares":true,"showImageEffects":true,"showParticleSystems":true},"in2DMode":false,"pivot":{"x":-1.7018601894378663,"y":-0.39784812927246096,"z":0.20046138763427735},"rotation":{"x":-0.2417530119419098,"y":-0.0958772599697113,"z":0.02401205338537693,"w":-0.965290904045105},"size":6.542744159698486,"orthographic":false}