{"cameraMode":{"drawMode":0,"name":"Shaded","section":"Shading Mode"},"sceneLighting":false,"audioPlay":false,"sceneViewState":{"showFog":true,"showMaterialUpdate":false,"showSkybox":true,"showFlares":true,"showImageEffects":true,"showParticleSystems":true},"in2DMode":false,"pivot":{"x":2280.072265625,"y":679.2333984375,"z":-1469.502685546875},"rotation":{"x":0.12613613903522492,"y":0.6412899494171143,"z":-0.10797921568155289,"w":0.7491177320480347},"size":3.8647549152374269,"orthographic":false}