{"cameraMode":{"drawMode":0,"name":"Shaded","section":"Shading Mode"},"sceneLighting":false,"audioPlay":false,"sceneViewState":{"showFog":true,"showMaterialUpdate":false,"showSkybox":true,"showFlares":true,"showImageEffects":true,"showParticleSystems":true},"in2DMode":false,"pivot":{"x":276.62078857421877,"y":30.349185943603517,"z":-193.68624877929688},"rotation":{"x":-0.10532001405954361,"y":-0.41855892539024355,"z":0.04894080385565758,"w":-0.9007336497306824},"size":38.09333038330078,"orthographic":false}