{"cameraMode":{"drawMode":0,"name":"Shaded","section":"Shading Mode"},"sceneLighting":false,"audioPlay":false,"sceneViewState":{"showFog":true,"showMaterialUpdate":false,"showSkybox":true,"showFlares":true,"showImageEffects":true,"showParticleSystems":true},"in2DMode":false,"pivot":{"x":37.92428970336914,"y":23.83148765563965,"z":62.76478576660156},"rotation":{"x":-0.10997281223535538,"y":0.7679851651191711,"z":-0.6158730387687683,"w":-0.1371322125196457},"size":7.978410243988037,"orthographic":false}