{"cameraMode":{"drawMode":0,"name":"Shaded","section":"Shading Mode"},"sceneLighting":false,"audioPlay":false,"sceneViewState":{"showFog":true,"showMaterialUpdate":false,"showSkybox":true,"showFlares":true,"showImageEffects":true,"showParticleSystems":true},"in2DMode":false,"pivot":{"x":48.22999954223633,"y":30.80299949645996,"z":54.529998779296878},"rotation":{"x":-0.2417530119419098,"y":-0.0958772599697113,"z":0.02401205338537693,"w":-0.965290904045105},"size":1.5823242664337159,"orthographic":false}