{"cameraMode":{"drawMode":0,"name":"Shaded","section":"Shading Mode"},"sceneLighting":false,"audioPlay":false,"sceneViewState":{"showFog":true,"showMaterialUpdate":false,"showSkybox":true,"showFlares":true,"showImageEffects":true,"showParticleSystems":true},"in2DMode":false,"pivot":{"x":2284.3154296875,"y":679.5714721679688,"z":-1477.7147216796875},"rotation":{"x":-0.19580739736557008,"y":0.2803018093109131,"z":-0.05851902440190315,"w":-0.9379051327705383},"size":2.7466206550598146,"orthographic":false}