{"cameraMode":{"drawMode":0,"name":"Shaded","section":"Shading Mode"},"sceneLighting":false,"audioPlay":false,"sceneViewState":{"showFog":true,"showMaterialUpdate":false,"showSkybox":true,"showFlares":true,"showImageEffects":true,"showParticleSystems":true},"in2DMode":false,"pivot":{"x":2280.003173828125,"y":677.8947143554688,"z":-1475.559814453125},"rotation":{"x":0.18004338443279267,"y":0.8188912868499756,"z":-0.36158907413482668,"w":0.40774351358413699},"size":3.7968313694000246,"orthographic":false}