{"cameraMode":{"drawMode":0,"name":"Shaded","section":"Shading Mode"},"sceneLighting":false,"audioPlay":false,"sceneViewState":{"showFog":true,"showMaterialUpdate":false,"showSkybox":true,"showFlares":true,"showImageEffects":true,"showParticleSystems":true},"in2DMode":false,"pivot":{"x":472.4079284667969,"y":11.976603507995606,"z":361.1690368652344},"rotation":{"x":-0.024737371131777765,"y":0.9667957425117493,"z":-0.10279753804206848,"w":-0.232651486992836},"size":6.536337852478027,"orthographic":false}