{"cameraMode":{"drawMode":0,"name":"Shaded","section":"Shading Mode"},"sceneLighting":false,"audioPlay":false,"sceneViewState":{"showFog":true,"showMaterialUpdate":false,"showSkybox":true,"showFlares":true,"showImageEffects":true,"showParticleSystems":true},"in2DMode":false,"pivot":{"x":11.697917938232422,"y":-5.191778659820557,"z":62.466796875},"rotation":{"x":0.07237857580184937,"y":0.5636958479881287,"z":-0.049676209688186648,"w":0.821304202079773},"size":72.25597381591797,"orthographic":false}