{"cameraMode":{"drawMode":0,"name":"Shaded","section":"Shading Mode"},"sceneLighting":false,"audioPlay":false,"sceneViewState":{"showFog":true,"showMaterialUpdate":false,"showSkybox":true,"showFlares":true,"showImageEffects":true,"showParticleSystems":true},"in2DMode":false,"pivot":{"x":-0.025107979774475099,"y":0.012491226196289063,"z":171.7269744873047},"rotation":{"x":-0.1551588922739029,"y":-0.6718738675117493,"z":0.14700166881084443,"w":-0.7091556787490845},"size":68.1259994506836,"orthographic":false}