{"cameraMode":{"drawMode":0,"name":"Shaded","section":"Shading Mode"},"sceneLighting":false,"audioPlay":false,"sceneViewState":{"showFog":true,"showMaterialUpdate":false,"showSkybox":true,"showFlares":true,"showImageEffects":true,"showParticleSystems":true},"in2DMode":false,"pivot":{"x":-0.40798500180244448,"y":0.4976739287376404,"z":-7.536830425262451},"rotation":{"x":0.3720916211605072,"y":-0.27144306898117068,"z":0.11475116014480591,"w":0.880169689655304},"size":0.6157673597335815,"orthographic":false}