{"cameraMode":{"drawMode":0,"name":"Shaded","section":"Shading Mode"},"sceneLighting":false,"audioPlay":false,"sceneViewState":{"showFog":true,"showMaterialUpdate":false,"showSkybox":true,"showFlares":true,"showImageEffects":true,"showParticleSystems":true},"in2DMode":false,"pivot":{"x":51.98025894165039,"y":30.367246627807618,"z":50.757591247558597},"rotation":{"x":0.26462700963020327,"y":-0.1445998102426529,"z":0.04016752541065216,"w":0.9526017308235169},"size":0.8269092440605164,"orthographic":false}