{"cameraMode":{"drawMode":0,"name":"Shaded","section":"Shading Mode"},"sceneLighting":false,"audioPlay":false,"sceneViewState":{"showFog":true,"showMaterialUpdate":false,"showSkybox":true,"showFlares":true,"showImageEffects":true,"showParticleSystems":true},"in2DMode":false,"pivot":{"x":-0.037764355540275577,"y":-0.018654271960258485,"z":-0.006042361259460449},"rotation":{"x":-0.019827110692858697,"y":0.978617787361145,"z":-0.16993175446987153,"w":-0.11418138444423676},"size":-0.5922167301177979,"orthographic":false}