{"cameraMode":{"drawMode":0,"name":"Shaded","section":"Shading Mode"},"sceneLighting":false,"audioPlay":false,"sceneViewState":{"showFog":true,"showMaterialUpdate":false,"showSkybox":true,"showFlares":true,"showImageEffects":true,"showParticleSystems":true},"in2DMode":false,"pivot":{"x":45.64263916015625,"y":27.87565040588379,"z":70.96456909179688},"rotation":{"x":0.08609101176261902,"y":-0.0768561139702797,"z":0.006659999489784241,"w":0.9932960867881775},"size":18.95201301574707,"orthographic":false}