{"cameraMode":{"drawMode":0,"name":"Shaded","section":"Shading Mode"},"sceneLighting":false,"audioPlay":false,"sceneViewState":{"showFog":true,"showMaterialUpdate":false,"showSkybox":true,"showFlares":true,"showImageEffects":true,"showParticleSystems":true},"in2DMode":false,"pivot":{"x":47.877410888671878,"y":30.69420051574707,"z":55.15337371826172},"rotation":{"x":0.14800739288330079,"y":-0.25854459404945376,"z":0.040121279656887057,"w":0.9537498354911804},"size":0.1001020073890686,"orthographic":false}