{"cameraMode":{"drawMode":0,"name":"Shaded","section":"Shading Mode"},"sceneLighting":false,"audioPlay":false,"sceneViewState":{"showFog":true,"showMaterialUpdate":false,"showSkybox":true,"showFlares":true,"showImageEffects":true,"showParticleSystems":true},"in2DMode":false,"pivot":{"x":47.307743072509769,"y":28.830957412719728,"z":56.83735656738281},"rotation":{"x":-0.28264135122299197,"y":-0.6607269048690796,"z":0.29701486229896548,"w":-0.6287575364112854},"size":3.6840505599975588,"orthographic":false}