{"cameraMode":{"drawMode":0,"name":"Shaded","section":"Shading Mode"},"sceneLighting":false,"audioPlay":false,"sceneViewState":{"showFog":true,"showMaterialUpdate":false,"showSkybox":true,"showFlares":true,"showImageEffects":true,"showParticleSystems":true},"in2DMode":false,"pivot":{"x":147.11001586914063,"y":-106.24571228027344,"z":-5.454826354980469},"rotation":{"x":-0.2747587263584137,"y":0.02417486347258091,"z":-0.0069104088470339779,"w":-0.9611844420433044},"size":119.6666488647461,"orthographic":false}