{"cameraMode":{"drawMode":0,"name":"Shaded","section":"Shading Mode"},"sceneLighting":false,"audioPlay":false,"sceneViewState":{"showFog":true,"showMaterialUpdate":false,"showSkybox":true,"showFlares":true,"showImageEffects":true,"showParticleSystems":true},"in2DMode":false,"pivot":{"x":59.96514129638672,"y":-44.65266418457031,"z":75.6159896850586},"rotation":{"x":0.13522404432296754,"y":0.7102221250534058,"z":-0.1420470029115677,"w":0.6761077642440796},"size":88.37649536132813,"orthographic":false}