{"cameraMode":{"drawMode":0,"name":"Shaded","section":"Shading Mode"},"sceneLighting":false,"audioPlay":false,"sceneViewState":{"showFog":true,"showMaterialUpdate":false,"showSkybox":true,"showFlares":true,"showImageEffects":true,"showParticleSystems":true},"in2DMode":false,"pivot":{"x":52.46435546875,"y":29.842931747436525,"z":50.748573303222659},"rotation":{"x":0.1680113673210144,"y":0.434573233127594,"z":-0.08288228511810303,"w":0.8809363842010498},"size":0.8969547152519226,"orthographic":false}