{"cameraMode":{"drawMode":0,"name":"Shaded","section":"Shading Mode"},"sceneLighting":false,"audioPlay":false,"sceneViewState":{"showFog":true,"showMaterialUpdate":false,"showSkybox":true,"showFlares":true,"showImageEffects":true,"showParticleSystems":true},"in2DMode":false,"pivot":{"x":218.36000061035157,"y":98.15180969238281,"z":474.39501953125},"rotation":{"x":-0.0884309858083725,"y":0.37063148617744448,"z":-0.03547605499625206,"w":-0.9238797426223755},"size":23.09467887878418,"orthographic":false}