{"cameraMode":{"drawMode":0,"name":"Shaded","section":"Shading Mode"},"sceneLighting":false,"audioPlay":false,"sceneViewState":{"showFog":true,"showMaterialUpdate":false,"showSkybox":true,"showFlares":true,"showImageEffects":true,"showParticleSystems":true},"in2DMode":false,"pivot":{"x":48.22999954223633,"y":30.324209213256837,"z":55.358558654785159},"rotation":{"x":0.23383545875549317,"y":-0.4435311555862427,"z":0.12105953693389893,"w":0.8567063212394714},"size":0.14289933443069459,"orthographic":false}