{"cameraMode":{"drawMode":0,"name":"Shaded","section":"Shading Mode"},"sceneLighting":false,"audioPlay":false,"sceneViewState":{"showFog":true,"showMaterialUpdate":false,"showSkybox":true,"showFlares":true,"showImageEffects":true,"showParticleSystems":true},"in2DMode":false,"pivot":{"x":48.22999954223633,"y":30.17099952697754,"z":55.22999954223633},"rotation":{"x":0.19383056461811067,"y":0.7270438075065613,"z":-0.22806280851364137,"w":0.6179195046424866},"size":7.076275825500488,"orthographic":false}