{"cameraMode":{"drawMode":0,"name":"Shaded","section":"Shading Mode"},"sceneLighting":false,"audioPlay":false,"sceneViewState":{"showFog":true,"showMaterialUpdate":false,"showSkybox":true,"showFlares":true,"showImageEffects":true,"showParticleSystems":true},"in2DMode":false,"pivot":{"x":50.6607551574707,"y":4.9129204750061039,"z":349.70184326171877},"rotation":{"x":-0.21760812401771546,"y":0.06924471259117127,"z":-0.015479439869523049,"w":-0.9734538197517395},"size":7.977542877197266,"orthographic":false}