{"cameraMode":{"drawMode":0,"name":"Shaded","section":"Shading Mode"},"sceneLighting":false,"audioPlay":false,"sceneViewState":{"showFog":true,"showMaterialUpdate":false,"showSkybox":true,"showFlares":true,"showImageEffects":true,"showParticleSystems":true},"in2DMode":false,"pivot":{"x":47.877410888671878,"y":30.694198608398439,"z":55.15337371826172},"rotation":{"x":0.2703756093978882,"y":0.4255698025226593,"z":-0.13489557802677155,"w":0.8529891967773438},"size":0.026894807815551759,"orthographic":false}