{"cameraMode":{"drawMode":0,"name":"Shaded","section":"Shading Mode"},"sceneLighting":false,"audioPlay":false,"sceneViewState":{"showFog":true,"showMaterialUpdate":false,"showSkybox":true,"showFlares":true,"showImageEffects":true,"showParticleSystems":true},"in2DMode":false,"pivot":{"x":-0.0337679386138916,"y":0.03408311307430267,"z":-6.308966636657715},"rotation":{"x":0.001333538442850113,"y":-0.9931476712226868,"z":0.01137761864811182,"w":0.11630359292030335},"size":10.279812812805176,"orthographic":false}