{"cameraMode":{"drawMode":0,"name":"Shaded","section":"Shading Mode"},"sceneLighting":false,"audioPlay":false,"sceneViewState":{"showFog":true,"showMaterialUpdate":false,"showSkybox":true,"showFlares":true,"showImageEffects":true,"showParticleSystems":true},"in2DMode":false,"pivot":{"x":-105.87379455566406,"y":12.026695251464844,"z":281.199462890625},"rotation":{"x":-0.09822875261306763,"y":0.015515105798840523,"z":-0.0015317329671233893,"w":-0.9950417876243591},"size":182.42164611816407,"orthographic":false}