{"cameraMode":{"drawMode":0,"name":"Shaded","section":"Shading Mode"},"sceneLighting":false,"audioPlay":false,"sceneViewState":{"showFog":true,"showMaterialUpdate":false,"showSkybox":true,"showFlares":true,"showImageEffects":true,"showParticleSystems":true},"in2DMode":false,"pivot":{"x":47.7600212097168,"y":30.546567916870118,"z":55.139949798583987},"rotation":{"x":0.2703756093978882,"y":0.4255698025226593,"z":-0.13489557802677155,"w":0.8529891967773438},"size":0.20684224367141725,"orthographic":false}