{"cameraMode":{"drawMode":0,"name":"Shaded","section":"Shading Mode"},"sceneLighting":false,"audioPlay":false,"sceneViewState":{"showFog":true,"showMaterialUpdate":false,"showSkybox":true,"showFlares":true,"showImageEffects":true,"showParticleSystems":true},"in2DMode":false,"pivot":{"x":47.8983154296875,"y":30.683198928833009,"z":55.17475891113281},"rotation":{"x":0.17366726696491242,"y":0.14349527657032014,"z":-0.02558763511478901,"w":0.9739580154418945},"size":0.1001020073890686,"orthographic":false}