{"cameraMode":{"drawMode":0,"name":"Shaded","section":"Shading Mode"},"sceneLighting":false,"audioPlay":false,"sceneViewState":{"showFog":true,"showMaterialUpdate":false,"showSkybox":true,"showFlares":true,"showImageEffects":true,"showParticleSystems":true},"in2DMode":false,"pivot":{"x":460.23834228515627,"y":13.136999130249024,"z":306.73590087890627},"rotation":{"x":-0.1515248417854309,"y":0.7318167686462402,"z":-0.17283931374549867,"w":-0.6415692567825317},"size":23.282333374023439,"orthographic":false}