{"cameraMode":{"drawMode":0,"name":"Shaded","section":"Shading Mode"},"sceneLighting":false,"audioPlay":false,"sceneViewState":{"showFog":true,"showMaterialUpdate":false,"showSkybox":true,"showFlares":true,"showImageEffects":true,"showParticleSystems":true},"in2DMode":false,"pivot":{"x":64.07270050048828,"y":28.94244384765625,"z":50.27383804321289},"rotation":{"x":0.15036454796791078,"y":0.7071492075920105,"z":-0.15809962153434754,"w":0.6725586652755737},"size":2.717521905899048,"orthographic":false}