{"cameraMode":{"drawMode":0,"name":"Shaded","section":"Shading Mode"},"sceneLighting":true,"audioPlay":false,"sceneViewState":{"showFog":true,"showMaterialUpdate":false,"showSkybox":true,"showFlares":true,"showImageEffects":true,"showParticleSystems":true},"in2DMode":false,"pivot":{"x":50.68525314331055,"y":30.106664657592775,"z":53.16218566894531},"rotation":{"x":0.06473741680383682,"y":-0.2523038685321808,"z":0.016918597742915155,"w":0.9653319120407105},"size":3.6420774459838869,"orthographic":false}