{"cameraMode":{"drawMode":0,"name":"Shaded","section":"Shading Mode"},"sceneLighting":true,"audioPlay":false,"sceneViewState":{"showFog":true,"showMaterialUpdate":false,"showSkybox":true,"showFlares":true,"showImageEffects":true,"showParticleSystems":true},"in2DMode":false,"pivot":{"x":48.22999954223633,"y":30.803001403808595,"z":54.529998779296878},"rotation":{"x":0.1485501229763031,"y":-0.6891774535179138,"z":0.147584930062294,"w":0.693675696849823},"size":20.00518798828125,"orthographic":false}