{"cameraMode":{"drawMode":0,"name":"Shaded","section":"Shading Mode"},"sceneLighting":false,"audioPlay":false,"sceneViewState":{"showFog":true,"showMaterialUpdate":false,"showSkybox":true,"showFlares":true,"showImageEffects":true,"showParticleSystems":true},"in2DMode":false,"pivot":{"x":10.831153869628907,"y":36.81462860107422,"z":52.59914779663086},"rotation":{"x":-0.09317963570356369,"y":0.5933998823165894,"z":-0.06941968202590943,"w":-0.7964766621589661},"size":42.453163146972659,"orthographic":false}