{"cameraMode":{"drawMode":0,"name":"Shaded","section":"Shading Mode"},"sceneLighting":false,"audioPlay":false,"sceneViewState":{"showFog":true,"showMaterialUpdate":false,"showSkybox":true,"showFlares":true,"showImageEffects":true,"showParticleSystems":true},"in2DMode":false,"pivot":{"x":36.81333923339844,"y":30.958284378051759,"z":85.38853454589844},"rotation":{"x":-0.05582008510828018,"y":-0.08299446105957031,"z":-0.004657451529055834,"w":0.9949746131896973},"size":11.417792320251465,"orthographic":false}