{"cameraMode":{"drawMode":0,"name":"Shaded","section":"Shading Mode"},"sceneLighting":false,"audioPlay":false,"sceneViewState":{"showFog":true,"showMaterialUpdate":false,"showSkybox":true,"showFlares":true,"showImageEffects":true,"showParticleSystems":true},"in2DMode":false,"pivot":{"x":-6.5129852294921879,"y":3.1984939575195314,"z":181.68820190429688},"rotation":{"x":-0.2630685865879059,"y":-0.3783220052719116,"z":0.11306051164865494,"w":-0.8802753686904907},"size":90.47660827636719,"orthographic":false}