{"cameraMode":{"drawMode":0,"name":"Shaded","section":"Shading Mode"},"sceneLighting":false,"audioPlay":false,"sceneViewState":{"showFog":true,"showMaterialUpdate":false,"showSkybox":true,"showFlares":true,"showImageEffects":true,"showParticleSystems":true},"in2DMode":false,"pivot":{"x":5.448327541351318,"y":1.0382755994796754,"z":-1.2437374591827393},"rotation":{"x":0.12946633994579316,"y":0.755451500415802,"z":-0.15704578161239625,"w":0.6227906346321106},"size":2.1393940448760988,"orthographic":false}