{"cameraMode":{"drawMode":0,"name":"Shaded","section":"Shading Mode"},"sceneLighting":false,"audioPlay":false,"sceneViewState":{"showFog":true,"showMaterialUpdate":false,"showSkybox":true,"showFlares":true,"showImageEffects":true,"showParticleSystems":true},"in2DMode":false,"pivot":{"x":44.90810012817383,"y":35.00791549682617,"z":59.19576644897461},"rotation":{"x":0.029427794739603998,"y":-0.31005358695983889,"z":0.009600677527487278,"w":0.9502150416374207},"size":25.946514129638673,"orthographic":false}