{"cameraMode":{"drawMode":0,"name":"Shaded","section":"Shading Mode"},"sceneLighting":false,"audioPlay":false,"sceneViewState":{"showFog":true,"showMaterialUpdate":false,"showSkybox":true,"showFlares":true,"showImageEffects":true,"showParticleSystems":true},"in2DMode":false,"pivot":{"x":224.12010192871095,"y":101.2826156616211,"z":477.4142761230469},"rotation":{"x":-0.07754307240247727,"y":-0.4674774706363678,"z":0.04120957851409912,"w":-0.8796327114105225},"size":3.9629294872283937,"orthographic":false}