{"cameraMode":{"drawMode":0,"name":"Shaded","section":"Shading Mode"},"sceneLighting":false,"audioPlay":false,"sceneViewState":{"showFog":true,"showMaterialUpdate":false,"showSkybox":true,"showFlares":true,"showImageEffects":true,"showParticleSystems":true},"in2DMode":false,"pivot":{"x":222.54449462890626,"y":100.02412414550781,"z":473.2951965332031},"rotation":{"x":-0.0884309858083725,"y":0.37063148617744448,"z":-0.03547605499625206,"w":-0.9238797426223755},"size":10.731546401977539,"orthographic":false}