{"cameraMode":{"drawMode":0,"name":"Shaded","section":"Shading Mode"},"sceneLighting":true,"audioPlay":false,"sceneViewState":{"showFog":true,"showMaterialUpdate":false,"showSkybox":true,"showFlares":true,"showImageEffects":true,"showParticleSystems":true},"in2DMode":false,"pivot":{"x":2285.353515625,"y":690.3150634765625,"z":-1473.9815673828125},"rotation":{"x":-0.02481110766530037,"y":-0.11013361811637879,"z":0.0027519597206264736,"w":-0.9936033487319946},"size":3.5061182975769045,"orthographic":false}