{"cameraMode":{"drawMode":0,"name":"Shaded","section":"Shading Mode"},"sceneLighting":false,"audioPlay":false,"sceneViewState":{"showFog":true,"showMaterialUpdate":false,"showSkybox":true,"showFlares":true,"showImageEffects":true,"showParticleSystems":true},"in2DMode":false,"pivot":{"x":3.829692840576172,"y":7.141777038574219,"z":41.326683044433597},"rotation":{"x":0.11834662407636643,"y":-0.862619161605835,"z":0.2368423044681549,"w":0.4310314655303955},"size":51.2005729675293,"orthographic":false}