{"cameraMode":{"drawMode":0,"name":"Shaded","section":"Shading Mode"},"sceneLighting":false,"audioPlay":false,"sceneViewState":{"showFog":true,"showMaterialUpdate":false,"showSkybox":true,"showFlares":true,"showImageEffects":true,"showParticleSystems":true},"in2DMode":false,"pivot":{"x":43.494293212890628,"y":28.192928314208986,"z":50.488136291503909},"rotation":{"x":0.3178424537181854,"y":-0.438810259103775,"z":0.16941823065280915,"w":0.8232370018959045},"size":13.701493263244629,"orthographic":false}