{"cameraMode":{"drawMode":0,"name":"Shaded","section":"Shading Mode"},"sceneLighting":false,"audioPlay":false,"sceneViewState":{"showFog":true,"showMaterialUpdate":false,"showSkybox":true,"showFlares":true,"showImageEffects":true,"showParticleSystems":true},"in2DMode":false,"pivot":{"x":222.37791442871095,"y":99.77518463134766,"z":474.35162353515627},"rotation":{"x":-0.05488625168800354,"y":0.021479161456227304,"z":-0.001181301660835743,"w":-0.9982608556747437},"size":9.384926795959473,"orthographic":false}