{"cameraMode":{"drawMode":0,"name":"Shaded","section":"Shading Mode"},"sceneLighting":false,"audioPlay":false,"sceneViewState":{"showFog":true,"showMaterialUpdate":false,"showSkybox":true,"showFlares":true,"showImageEffects":true,"showParticleSystems":true},"in2DMode":false,"pivot":{"x":48.533050537109378,"y":30.639055252075197,"z":54.76091384887695},"rotation":{"x":0.23383545875549317,"y":-0.4435311555862427,"z":0.12105953693389893,"w":0.8567063212394714},"size":0.2668073773384094,"orthographic":false}