{"cameraMode":{"drawMode":0,"name":"Shaded","section":"Shading Mode"},"sceneLighting":false,"audioPlay":false,"sceneViewState":{"showFog":true,"showMaterialUpdate":false,"showSkybox":true,"showFlares":true,"showImageEffects":true,"showParticleSystems":true},"in2DMode":false,"pivot":{"x":-95.75515747070313,"y":-73.95591735839844,"z":117.15570068359375},"rotation":{"x":0.21955479681491853,"y":-0.6778708696365356,"z":0.22381210327148438,"w":0.6649774312973023},"size":167.90061950683595,"orthographic":false}