{"cameraMode":{"drawMode":0,"name":"Shaded","section":"Shading Mode"},"sceneLighting":true,"audioPlay":false,"sceneViewState":{"showFog":true,"showMaterialUpdate":false,"showSkybox":true,"showFlares":true,"showImageEffects":true,"showParticleSystems":true},"in2DMode":false,"pivot":{"x":55.4447135925293,"y":36.02421569824219,"z":49.38686752319336},"rotation":{"x":0.18551214039325715,"y":0.6108376383781433,"z":-0.15010373294353486,"w":0.7549381256103516},"size":40.306175231933597,"orthographic":false}