{"cameraMode":{"drawMode":0,"name":"Shaded","section":"Shading Mode"},"sceneLighting":false,"audioPlay":false,"sceneViewState":{"showFog":true,"showMaterialUpdate":false,"showSkybox":true,"showFlares":true,"showImageEffects":true,"showParticleSystems":true},"in2DMode":false,"pivot":{"x":473.5957336425781,"y":12.922310829162598,"z":365.442138671875},"rotation":{"x":-0.06826412677764893,"y":0.6944990158081055,"z":-0.06647834926843643,"w":-0.7131562232971191},"size":4.509073257446289,"orthographic":false}