{"cameraMode":{"drawMode":0,"name":"Shaded","section":"Shading Mode"},"sceneLighting":false,"audioPlay":false,"sceneViewState":{"showFog":true,"showMaterialUpdate":false,"showSkybox":true,"showFlares":true,"showImageEffects":true,"showParticleSystems":true},"in2DMode":false,"pivot":{"x":0.0,"y":2.221738815307617,"z":-0.0000019073486328125},"rotation":{"x":-0.1551588922739029,"y":-0.6718738675117493,"z":0.14700166881084443,"w":-0.7091556787490845},"size":118.69941711425781,"orthographic":false}