{"cameraMode":{"drawMode":0,"name":"Shaded","section":"Shading Mode"},"sceneLighting":false,"audioPlay":false,"sceneViewState":{"showFog":true,"showMaterialUpdate":false,"showSkybox":true,"showFlares":true,"showImageEffects":true,"showParticleSystems":true},"in2DMode":false,"pivot":{"x":48.735408782958987,"y":10.0106840133667,"z":-88.7512435913086},"rotation":{"x":-0.1551588922739029,"y":-0.6718738675117493,"z":0.14700166881084443,"w":-0.7091556787490845},"size":133.5717010498047,"orthographic":false}