{"cameraMode":{"drawMode":0,"name":"Shaded","section":"Shading Mode"},"sceneLighting":false,"audioPlay":false,"sceneViewState":{"showFog":true,"showMaterialUpdate":false,"showSkybox":true,"showFlares":true,"showImageEffects":true,"showParticleSystems":true},"in2DMode":false,"pivot":{"x":475.0535888671875,"y":12.951801300048829,"z":364.2801513671875},"rotation":{"x":0.08530416339635849,"y":0.9018458127975464,"z":-0.20875024795532227,"w":0.36853858828544619},"size":1.9868919849395753,"orthographic":false}