{"cameraMode":{"drawMode":0,"name":"Shaded","section":"Shading Mode"},"sceneLighting":false,"audioPlay":false,"sceneViewState":{"showFog":true,"showMaterialUpdate":false,"showSkybox":true,"showFlares":true,"showImageEffects":true,"showParticleSystems":true},"in2DMode":false,"pivot":{"x":220.36019897460938,"y":97.14891052246094,"z":477.96014404296877},"rotation":{"x":-0.41107264161109927,"y":-0.37064388394355776,"z":0.18777382373809815,"w":-0.811408281326294},"size":21.975685119628908,"orthographic":false}