{"cameraMode":{"drawMode":0,"name":"Shaded","section":"Shading Mode"},"sceneLighting":false,"audioPlay":false,"sceneViewState":{"showFog":true,"showMaterialUpdate":false,"showSkybox":true,"showFlares":true,"showImageEffects":true,"showParticleSystems":true},"in2DMode":false,"pivot":{"x":221.33499145507813,"y":99.19430541992188,"z":471.718994140625},"rotation":{"x":-0.0884309858083725,"y":0.37063148617744448,"z":-0.03547605499625206,"w":-0.9238797426223755},"size":25.949037551879884,"orthographic":false}